Datetime,女一舍
2026-01-01 00:00:00,21.24
2026-01-01 01:00:00,20.74
2026-01-01 02:00:00,21.59
2026-01-01 03:00:00,22.42
2026-01-01 04:00:00,23.37
2026-01-01 05:00:00,19.39
2026-01-01 06:00:00,17.01
2026-01-01 07:00:00,15.18
2026-01-01 08:00:00,13.56
2026-01-01 09:00:00,13.7
2026-01-01 10:00:00,15.31
2026-01-01 11:00:00,14.79
2026-01-01 12:00:00,16.26
2026-01-01 13:00:00,18.56
2026-01-01 14:00:00,24.78
2026-01-01 15:00:00,24.2
2026-01-01 16:00:00,20.45
2026-01-01 17:00:00,21.48
2026-01-01 18:00:00,26.92
2026-01-01 19:00:00,24.88
2026-01-01 20:00:00,31.9
2026-01-01 21:00:00,34.7
2026-01-01 22:00:00,34.73
2026-01-01 23:00:00,34.64
2026-01-02 00:00:00,33.62
2026-01-02 01:00:00,28.07
2026-01-02 02:00:00,23.19
2026-01-02 03:00:00,23.36
2026-01-02 04:00:00,20.37
2026-01-02 05:00:00,18.43
2026-01-02 06:00:00,17.06
2026-01-02 07:00:00,13.11
2026-01-02 08:00:00,14.22
2026-01-02 09:00:00,14.2
2026-01-02 10:00:00,15.25
2026-01-02 11:00:00,16.0
2026-01-02 12:00:00,20.28
2026-01-02 13:00:00,20.03
2026-01-02 14:00:00,21.85
2026-01-02 15:00:00,20.35
2026-01-02 16:00:00,25.16
2026-01-02 17:00:00,22.63
2026-01-02 18:00:00,23.43
2026-01-02 19:00:00,25.65
2026-01-02 20:00:00,24.44
2026-01-02 21:00:00,24.5
2026-01-02 22:00:00,29.7
2026-01-02 23:00:00,31.79
2026-01-03 00:00:00,29.23
2026-01-03 01:00:00,26.56
2026-01-03 02:00:00,26.0
2026-01-03 03:00:00,23.1
2026-01-03 04:00:00,16.21
2026-01-03 05:00:00,16.08
2026-01-03 06:00:00,13.73
2026-01-03 07:00:00,13.5
2026-01-03 08:00:00,15.11
2026-01-03 09:00:00,14.34
2026-01-03 10:00:00,15.39
2026-01-03 11:00:00,17.44
2026-01-03 12:00:00,17.8
2026-01-03 13:00:00,19.55
2026-01-03 14:00:00,17.02
2026-01-03 15:00:00,19.04
2026-01-03 16:00:00,19.21
2026-01-03 17:00:00,24.85
2026-01-03 18:00:00,22.67
2026-01-03 19:00:00,24.59
2026-01-03 20:00:00,25.57
2026-01-03 21:00:00,27.14
2026-01-03 22:00:00,36.66
2026-01-03 23:00:00,30.16
2026-01-04 00:00:00,22.85
2026-01-04 01:00:00,22.61
2026-01-04 02:00:00,20.34
2026-01-04 03:00:00,18.03
2026-01-04 04:00:00,16.07
2026-01-04 05:00:00,15.23
2026-01-04 06:00:00,13.16
2026-01-04 07:00:00,18.09
2026-01-04 08:00:00,15.98
2026-01-04 09:00:00,16.64
2026-01-04 10:00:00,13.76
2026-01-04 11:00:00,14.44
2026-01-04 12:00:00,18.43
2026-01-04 13:00:00,18.54
2026-01-04 14:00:00,16.71
2026-01-04 15:00:00,21.19
2026-01-04 16:00:00,20.17
2026-01-04 17:00:00,22.58
2026-01-04 18:00:00,25.42
2026-01-04 19:00:00,25.1
2026-01-04 20:00:00,30.03
2026-01-04 21:00:00,33.44
2026-01-04 22:00:00,36.71
2026-01-04 23:00:00,32.88
2026-01-05 00:00:00,30.59
2026-01-05 01:00:00,23.21
2026-01-05 02:00:00,23.07
2026-01-05 03:00:00,20.27
2026-01-05 04:00:00,19.15
2026-01-05 05:00:00,17.17
2026-01-05 06:00:00,14.32
2026-01-05 07:00:00,15.86
2026-01-05 08:00:00,14.24
2026-01-05 09:00:00,14.98
2026-01-05 10:00:00,15.86
2026-01-05 11:00:00,16.28
2026-01-05 12:00:00,19.33
2026-01-05 13:00:00,17.05
2026-01-05 14:00:00,17.43
2026-01-05 15:00:00,17.58
2026-01-05 16:00:00,21.34
2026-01-05 17:00:00,19.55
2026-01-05 18:00:00,22.01
2026-01-05 19:00:00,26.08
2026-01-05 20:00:00,29.84
2026-01-05 21:00:00,31.19
2026-01-05 22:00:00,29.16
2026-01-05 23:00:00,31.29
2026-01-06 00:00:00,37.44
2026-01-06 01:00:00,32.5
2026-01-06 02:00:00,22.22
2026-01-06 03:00:00,17.57
2026-01-06 04:00:00,15.62
2026-01-06 05:00:00,15.03
2026-01-06 06:00:00,13.41
2026-01-06 07:00:00,13.91
2026-01-06 08:00:00,20.0
2026-01-06 09:00:00,17.78
2026-01-06 10:00:00,18.67
2026-01-06 11:00:00,18.58
2026-01-06 12:00:00,18.41
2026-01-06 13:00:00,17.98
2026-01-06 14:00:00,19.35
2026-01-06 15:00:00,23.76
2026-01-06 16:00:00,33.74
2026-01-06 17:00:00,25.9
2026-01-06 18:00:00,26.13
2026-01-06 19:00:00,23.2
2026-01-06 20:00:00,24.85
2026-01-06 21:00:00,24.17
2026-01-06 22:00:00,26.84
2026-01-06 23:00:00,30.39
2026-01-07 00:00:00,37.5
2026-01-07 01:00:00,29.48
2026-01-07 02:00:00,24.5
2026-01-07 03:00:00,17.95
2026-01-07 04:00:00,16.39
2026-01-07 05:00:00,15.15
2026-01-07 06:00:00,12.48
2026-01-07 07:00:00,13.01
2026-01-07 08:00:00,14.11
2026-01-07 09:00:00,17.01
2026-01-07 10:00:00,15.5
2026-01-07 11:00:00,20.57
2026-01-07 12:00:00,20.25
2026-01-07 13:00:00,16.12
2026-01-07 14:00:00,17.45
2026-01-07 15:00:00,15.59
2026-01-07 16:00:00,21.05
2026-01-07 17:00:00,18.65
2026-01-07 18:00:00,18.71
2026-01-07 19:00:00,21.22
2026-01-07 20:00:00,26.26
2026-01-07 21:00:00,23.86
2026-01-07 22:00:00,25.36
2026-01-07 23:00:00,31.95
2026-01-08 00:00:00,32.47
2026-01-08 01:00:00,28.63
2026-01-08 02:00:00,19.02
2026-01-08 03:00:00,16.98
2026-01-08 04:00:00,15.83
2026-01-08 05:00:00,15.15
2026-01-08 06:00:00,13.78
2026-01-08 07:00:00,12.84
2026-01-08 08:00:00,13.79
2026-01-08 09:00:00,13.43
2026-01-08 10:00:00,14.35
2026-01-08 11:00:00,14.67
2026-01-08 12:00:00,16.2
2026-01-08 13:00:00,18.75
2026-01-08 14:00:00,22.01
2026-01-08 15:00:00,22.31
2026-01-08 16:00:00,20.46
2026-01-08 17:00:00,23.65
2026-01-08 18:00:00,20.42
2026-01-08 19:00:00,22.24
2026-01-08 20:00:00,20.31
2026-01-08 21:00:00,30.43
2026-01-08 22:00:00,28.83
2026-01-08 23:00:00,25.0
2026-01-09 00:00:00,31.43
2026-01-09 01:00:00,23.06
2026-01-09 02:00:00,23.86
2026-01-09 03:00:00,23.03
2026-01-09 04:00:00,13.13
2026-01-09 05:00:00,13.24
2026-01-09 06:00:00,12.01
2026-01-09 07:00:00,12.53
2026-01-09 08:00:00,12.77
2026-01-09 09:00:00,12.41
2026-01-09 10:00:00,17.22
2026-01-09 11:00:00,14.66
2026-01-09 12:00:00,14.13
2026-01-09 13:00:00,16.06
2026-01-09 14:00:00,15.36
2026-01-09 15:00:00,22.06
2026-01-09 16:00:00,22.72
2026-01-09 17:00:00,18.48
2026-01-09 18:00:00,19.87
2026-01-09 19:00:00,24.22
2026-01-09 20:00:00,27.97
2026-01-09 21:00:00,31.38
2026-01-09 22:00:00,31.9
2026-01-09 23:00:00,26.68
2026-01-10 00:00:00,25.43
2026-01-10 01:00:00,21.48
2026-01-10 02:00:00,18.35
2026-01-10 03:00:00,16.54
2026-01-10 04:00:00,15.21
2026-01-10 05:00:00,14.85
2026-01-10 06:00:00,12.93
2026-01-10 07:00:00,13.61
2026-01-10 08:00:00,15.52
2026-01-10 09:00:00,15.97
2026-01-10 10:00:00,14.31
2026-01-10 11:00:00,16.26
2026-01-10 12:00:00,15.99
2026-01-10 13:00:00,17.47
2026-01-10 14:00:00,18.26
2026-01-10 15:00:00,24.11
2026-01-10 16:00:00,18.34
2026-01-10 17:00:00,25.01
2026-01-10 18:00:00,21.38
2026-01-10 19:00:00,22.23
2026-01-10 20:00:00,25.34
2026-01-10 21:00:00,22.74
2026-01-10 22:00:00,23.14
2026-01-10 23:00:00,29.51
2026-01-11 00:00:00,31.51
2026-01-11 01:00:00,21.43
2026-01-11 02:00:00,18.78
2026-01-11 03:00:00,18.4
2026-01-11 04:00:00,17.23
2026-01-11 05:00:00,14.33
2026-01-11 06:00:00,13.27
2026-01-11 07:00:00,16.16
2026-01-11 08:00:00,14.32
2026-01-11 09:00:00,14.59
2026-01-11 10:00:00,13.33
2026-01-11 11:00:00,13.62
2026-01-11 12:00:00,16.63
2026-01-11 13:00:00,20.46
2026-01-11 14:00:00,21.41
2026-01-11 15:00:00,17.87
2026-01-11 16:00:00,26.72
2026-01-11 17:00:00,21.77
2026-01-11 18:00:00,23.99
2026-01-11 19:00:00,27.86
2026-01-11 20:00:00,24.39
2026-01-11 21:00:00,25.36
2026-01-11 22:00:00,28.01
2026-01-11 23:00:00,37.06
2026-01-12 00:00:00,30.48
2026-01-12 01:00:00,22.68
2026-01-12 02:00:00,19.42
2026-01-12 03:00:00,17.9
2026-01-12 04:00:00,15.84
2026-01-12 05:00:00,15.27
2026-01-12 06:00:00,13.16
2026-01-12 07:00:00,13.64
2026-01-12 08:00:00,14.02
2026-01-12 09:00:00,14.05
2026-01-12 10:00:00,17.52
2026-01-12 11:00:00,16.21
2026-01-12 12:00:00,20.36
2026-01-12 13:00:00,17.08
2026-01-12 14:00:00,16.2
2026-01-12 15:00:00,17.05
2026-01-12 16:00:00,18.04
2026-01-12 17:00:00,20.15
2026-01-12 18:00:00,21.69
2026-01-12 19:00:00,26.07
2026-01-12 20:00:00,28.48
2026-01-12 21:00:00,29.22
2026-01-12 22:00:00,29.01
2026-01-12 23:00:00,29.79
2026-01-13 00:00:00,25.35
2026-01-13 01:00:00,22.17
2026-01-13 02:00:00,20.92
2026-01-13 03:00:00,18.45
2026-01-13 04:00:00,15.3
2026-01-13 05:00:00,14.44
2026-01-13 06:00:00,13.2
2026-01-13 07:00:00,14.78
2026-01-13 08:00:00,13.02
2026-01-13 09:00:00,13.01
2026-01-13 10:00:00,14.73
2026-01-13 11:00:00,17.67
2026-01-13 12:00:00,14.85
2026-01-13 13:00:00,15.86
2026-01-13 14:00:00,17.51
2026-01-13 15:00:00,20.32
2026-01-13 16:00:00,16.7
2026-01-13 17:00:00,18.47
2026-01-13 18:00:00,17.98
2026-01-13 19:00:00,19.23
2026-01-13 20:00:00,21.56
2026-01-13 21:00:00,28.93
2026-01-13 22:00:00,32.2
2026-01-13 23:00:00,30.35
2026-01-14 00:00:00,25.15
2026-01-14 01:00:00,22.48
2026-01-14 02:00:00,19.09
2026-01-14 03:00:00,17.38
2026-01-14 04:00:00,14.72
2026-01-14 05:00:00,13.69
2026-01-14 06:00:00,12.51
2026-01-14 07:00:00,13.02
2026-01-14 08:00:00,12.95
2026-01-14 09:00:00,12.3
2026-01-14 10:00:00,14.77
2026-01-14 11:00:00,15.12
2026-01-14 12:00:00,18.45
2026-01-14 13:00:00,16.09
2026-01-14 14:00:00,17.79
2026-01-14 15:00:00,14.42
2026-01-14 16:00:00,15.36
2026-01-14 17:00:00,16.78
2026-01-14 18:00:00,18.58
2026-01-14 19:00:00,20.87
2026-01-14 20:00:00,20.73
2026-01-14 21:00:00,25.2
2026-01-14 22:00:00,26.78
2026-01-14 23:00:00,33.68
2026-01-15 00:00:00,31.52
2026-01-15 01:00:00,26.29
2026-01-15 02:00:00,21.34
2026-01-15 03:00:00,17.69
2026-01-15 04:00:00,15.77
2026-01-15 05:00:00,14.85
2026-01-15 06:00:00,13.33
2026-01-15 07:00:00,15.25
2026-01-15 08:00:00,15.67
2026-01-15 09:00:00,14.4
2026-01-15 10:00:00,15.51
2026-01-15 11:00:00,16.64
2026-01-15 12:00:00,18.17
2026-01-15 13:00:00,22.94
2026-01-15 14:00:00,18.35
2026-01-15 15:00:00,17.17
2026-01-15 16:00:00,17.26
2026-01-15 17:00:00,20.51
2026-01-15 18:00:00,18.03
2026-01-15 19:00:00,19.73
2026-01-15 20:00:00,21.56
2026-01-15 21:00:00,28.73
2026-01-15 22:00:00,28.55
2026-01-15 23:00:00,30.96
2026-01-16 00:00:00,25.1
2026-01-16 01:00:00,19.79
2026-01-16 02:00:00,17.29
2026-01-16 03:00:00,17.46
2026-01-16 04:00:00,14.77
2026-01-16 05:00:00,13.14
2026-01-16 06:00:00,11.85
2026-01-16 07:00:00,11.88
2026-01-16 08:00:00,12.04
2026-01-16 09:00:00,13.17
2026-01-16 10:00:00,14.12
2026-01-16 11:00:00,14.4
2026-01-16 12:00:00,15.26
2026-01-16 13:00:00,15.75
2026-01-16 14:00:00,18.51
2026-01-16 15:00:00,20.28
2026-01-16 16:00:00,20.73
2026-01-16 17:00:00,19.73
2026-01-16 18:00:00,18.67
2026-01-16 19:00:00,21.61
2026-01-16 20:00:00,22.38
2026-01-16 21:00:00,26.46
2026-01-16 22:00:00,26.79
2026-01-16 23:00:00,25.12
2026-01-17 00:00:00,23.55
2026-01-17 01:00:00,24.88
2026-01-17 02:00:00,23.37
2026-01-17 03:00:00,16.97
2026-01-17 04:00:00,14.93
2026-01-17 05:00:00,14.97
2026-01-17 06:00:00,12.45
2026-01-17 07:00:00,12.47
2026-01-17 08:00:00,12.92
2026-01-17 09:00:00,13.88
2026-01-17 10:00:00,21.08
2026-01-17 11:00:00,18.8
2026-01-17 12:00:00,15.9
2026-01-17 13:00:00,14.72
2026-01-17 14:00:00,14.93
2026-01-17 15:00:00,15.53
2026-01-17 16:00:00,23.11
2026-01-17 17:00:00,21.1
2026-01-17 18:00:00,17.3
2026-01-17 19:00:00,22.83
2026-01-17 20:00:00,19.64
2026-01-17 21:00:00,20.95
2026-01-17 22:00:00,24.58
2026-01-17 23:00:00,21.15
2026-01-18 00:00:00,
2026-01-18 01:00:00,
2026-01-18 02:00:00,
2026-01-18 03:00:00,
2026-01-18 04:00:00,
2026-01-18 05:00:00,
2026-01-18 06:00:00,
2026-01-18 07:00:00,
2026-01-18 08:00:00,
2026-01-18 09:00:00,
2026-01-18 10:00:00,
2026-01-18 11:00:00,
2026-01-18 12:00:00,
2026-01-18 13:00:00,
2026-01-18 14:00:00,
